{"cameraMode":{"drawMode":0,"name":"Shaded","section":"Shading Mode"},"sceneLighting":false,"audioPlay":false,"sceneViewState":{"showFog":false,"showMaterialUpdate":false,"showSkybox":false,"showFlares":false,"showImageEffects":false,"showParticleSystems":false},"in2DMode":false,"pivot":{"x":4.552019119262695,"y":12.907058715820313,"z":-21.960323333740236},"rotation":{"x":0.026354940608143808,"y":-0.8351201415061951,"z":0.5480071902275086,"w":0.04059914872050285},"size":26.948816299438478,"orthographic":false}