{"cameraMode":{"drawMode":0,"name":"Shaded","section":"Shading Mode"},"sceneLighting":true,"audioPlay":false,"sceneViewState":{"showFog":true,"showMaterialUpdate":true,"showSkybox":true,"showFlares":true,"showImageEffects":true,"showParticleSystems":true},"in2DMode":false,"pivot":{"x":0.9902915954589844,"y":15.870721817016602,"z":-18.633094787597658},"rotation":{"x":0.0031435093842446806,"y":-0.9511753916740418,"z":0.30858659744262698,"w":0.01046018861234188},"size":36.89310073852539,"orthographic":false}