{"cameraMode":{"drawMode":0,"name":"Shaded","section":"Shading Mode"},"sceneLighting":true,"audioPlay":false,"sceneViewState":{"showFog":true,"showMaterialUpdate":true,"showSkybox":false,"showFlares":true,"showImageEffects":true,"showParticleSystems":true},"in2DMode":false,"pivot":{"x":109.81836700439453,"y":1.1400057077407838,"z":244.1947784423828},"rotation":{"x":-0.11255034059286118,"y":-0.8759622573852539,"z":0.24724602699279786,"w":-0.39874523878097536},"size":1.5286022424697877,"orthographic":true}