{"cameraMode":{"drawMode":0,"name":"Shaded","section":"Shading Mode"},"sceneLighting":false,"audioPlay":false,"sceneViewState":{"showFog":false,"showMaterialUpdate":false,"showSkybox":false,"showFlares":false,"showImageEffects":false,"showParticleSystems":false},"in2DMode":false,"pivot":{"x":-4.140363693237305,"y":2.3695640563964845,"z":3.134573459625244},"rotation":{"x":0.27752068638801577,"y":-0.03457716479897499,"z":0.009993181563913823,"w":0.9600520133972168},"size":22.0,"orthographic":false}