{"cameraMode":{"drawMode":0,"name":"Shaded","section":"Shading Mode"},"sceneLighting":false,"audioPlay":false,"sceneViewState":{"showFog":true,"showMaterialUpdate":true,"showSkybox":false,"showFlares":true,"showImageEffects":true,"showParticleSystems":true},"in2DMode":false,"pivot":{"x":121.43280029296875,"y":-0.5144493579864502,"z":240.26690673828126},"rotation":{"x":-0.21612031757831574,"y":-0.7837722897529602,"z":0.4247100353240967,"w":-0.39826828241348269},"size":5.496182441711426,"orthographic":false}