{"cameraMode":{"drawMode":0,"name":"Shaded","section":"Shading Mode"},"sceneLighting":false,"audioPlay":false,"sceneViewState":{"showFog":true,"showMaterialUpdate":true,"showSkybox":false,"showFlares":true,"showImageEffects":true,"showParticleSystems":true},"in2DMode":false,"pivot":{"x":106.4000015258789,"y":0.019999995827674867,"z":251.57000732421876},"rotation":{"x":-0.7462156414985657,"y":-0.04871848225593567,"z":-0.05494582653045654,"w":0.6616426110267639},"size":5.852371692657471,"orthographic":true}