{"cameraMode":{"drawMode":0,"name":"Shaded","section":"Shading Mode"},"sceneLighting":false,"audioPlay":false,"sceneViewState":{"showFog":true,"showMaterialUpdate":true,"showSkybox":false,"showFlares":true,"showImageEffects":true,"showParticleSystems":true},"in2DMode":false,"pivot":{"x":114.01163482666016,"y":0.3410685956478119,"z":241.8699951171875},"rotation":{"x":-0.5414687991142273,"y":-0.2869032323360443,"z":-0.7636202573776245,"w":0.20344178378582},"size":5.123935222625732,"orthographic":true}