{"cameraMode":{"drawMode":0,"name":"Shaded","section":"Shading Mode"},"sceneLighting":false,"audioPlay":false,"sceneViewState":{"showFog":false,"showMaterialUpdate":false,"showSkybox":false,"showFlares":false,"showImageEffects":false,"showParticleSystems":false},"in2DMode":false,"pivot":{"x":112.91999816894531,"y":2.950000286102295,"z":193.47000122070313},"rotation":{"x":0.0413990281522274,"y":0.789827823638916,"z":-0.053639959543943408,"w":0.6095808148384094},"size":7.502943515777588,"orthographic":true}