{"cameraMode":{"drawMode":0,"name":"Shaded","section":"Shading Mode"},"sceneLighting":true,"audioPlay":false,"sceneViewState":{"showFog":false,"showMaterialUpdate":false,"showSkybox":false,"showFlares":false,"showImageEffects":false,"showParticleSystems":false},"in2DMode":false,"pivot":{"x":0.014892578125,"y":0.8124923706054688,"z":0.172607421875},"rotation":{"x":-0.10545941442251206,"y":0.7917057871818543,"z":-0.5845538377761841,"w":-0.14284180104732514},"size":28.099306106567384,"orthographic":true}