{"cameraMode":{"drawMode":0,"name":"Shaded","section":"Shading Mode"},"sceneLighting":false,"audioPlay":false,"sceneViewState":{"showFog":true,"showMaterialUpdate":true,"showSkybox":false,"showFlares":true,"showImageEffects":true,"showParticleSystems":true},"in2DMode":false,"pivot":{"x":121.06800079345703,"y":0.0919198989868164,"z":239.81300354003907},"rotation":{"x":-0.2519051134586334,"y":-0.7328084111213684,"z":0.5260336399078369,"w":-0.3504674732685089},"size":8.010515213012696,"orthographic":false}