{"cameraMode":{"drawMode":0,"name":"Shaded","section":"Shading Mode"},"sceneLighting":false,"audioPlay":false,"sceneViewState":{"showFog":true,"showMaterialUpdate":true,"showSkybox":false,"showFlares":true,"showImageEffects":true,"showParticleSystems":true},"in2DMode":false,"pivot":{"x":539.3442993164063,"y":616.8355102539063,"z":220.3360595703125},"rotation":{"x":0.23128339648246766,"y":-0.00437836954370141,"z":0.0010388958035036922,"w":0.9728816747665405},"size":2048.610595703125,"orthographic":false}