{"cameraMode":{"drawMode":0,"name":"Shaded","section":"Shading Mode"},"sceneLighting":false,"audioPlay":false,"sceneViewState":{"showFog":false,"showMaterialUpdate":false,"showSkybox":false,"showFlares":false,"showImageEffects":false,"showParticleSystems":false},"in2DMode":false,"pivot":{"x":0.9941598176956177,"y":0.9098854064941406,"z":-4.329545021057129},"rotation":{"x":0.11481603980064392,"y":0.7995402812957764,"z":-0.16191445291042329,"w":0.5669295191764832},"size":4.0814924240112309,"orthographic":true}