{"cameraMode":{"drawMode":0,"name":"Shaded","section":"Shading Mode"},"sceneLighting":false,"audioPlay":false,"sceneViewState":{"showFog":false,"showMaterialUpdate":false,"showSkybox":false,"showFlares":false,"showImageEffects":false,"showParticleSystems":false},"in2DMode":false,"pivot":{"x":108.64408111572266,"y":-0.7798418998718262,"z":229.5437774658203},"rotation":{"x":0.25380221009254458,"y":0.48474904894828799,"z":-0.1491987109184265,"w":0.8237082958221436},"size":0.7184618711471558,"orthographic":true}