{"cameraMode":{"drawMode":0,"name":"Shaded","section":"Shading Mode"},"sceneLighting":false,"audioPlay":false,"sceneViewState":{"showFog":true,"showMaterialUpdate":true,"showSkybox":false,"showFlares":true,"showImageEffects":true,"showParticleSystems":true},"in2DMode":false,"pivot":{"x":6.6976318359375,"y":15.66290283203125,"z":21.146484375},"rotation":{"x":0.2643132209777832,"y":0.7312560677528381,"z":-0.4891767203807831,"w":0.39544677734375},"size":2.8371832370758058,"orthographic":true}