{"cameraMode":{"drawMode":0,"name":"Shaded","section":"Shading Mode"},"sceneLighting":false,"audioPlay":false,"sceneViewState":{"showFog":true,"showMaterialUpdate":true,"showSkybox":false,"showFlares":true,"showImageEffects":true,"showParticleSystems":true},"in2DMode":false,"pivot":{"x":-0.4182872772216797,"y":-0.4550819396972656,"z":0.088226318359375},"rotation":{"x":-0.06410016119480133,"y":0.8913242816925049,"z":-0.133352130651474,"w":-0.4285903573036194},"size":2.588569164276123,"orthographic":true}