{"cameraMode":{"drawMode":0,"name":"Shaded","section":"Shading Mode"},"sceneLighting":false,"audioPlay":false,"sceneViewState":{"showFog":true,"showMaterialUpdate":true,"showSkybox":false,"showFlares":true,"showImageEffects":true,"showParticleSystems":true},"in2DMode":false,"pivot":{"x":113.58740234375,"y":0.322509765625,"z":241.72216796875},"rotation":{"x":-0.17143365740776063,"y":-0.8265464305877686,"z":0.4097144603729248,"w":-0.34585538506507876},"size":6.28226900100708,"orthographic":true}