{"cameraMode":{"drawMode":0,"name":"Shaded","section":"Shading Mode"},"sceneLighting":false,"audioPlay":false,"sceneViewState":{"showFog":true,"showMaterialUpdate":true,"showSkybox":false,"showFlares":true,"showImageEffects":true,"showParticleSystems":true},"in2DMode":false,"pivot":{"x":169.6902618408203,"y":0.3659999966621399,"z":223.24282836914063},"rotation":{"x":-0.7292342782020569,"y":-0.06020738556981087,"z":-0.0647062435746193,"w":0.6785321235656738},"size":2.8352649211883547,"orthographic":true}