{"cameraMode":{"drawMode":0,"name":"Shaded","section":"Shading Mode"},"sceneLighting":false,"audioPlay":false,"sceneViewState":{"showFog":false,"showMaterialUpdate":false,"showSkybox":false,"showFlares":false,"showImageEffects":false,"showParticleSystems":false},"in2DMode":false,"pivot":{"x":0.0,"y":0.07999998331069946,"z":0.06999999284744263},"rotation":{"x":0.2828732132911682,"y":0.6641525626182556,"z":-0.30131953954696658,"w":0.6231968998908997},"size":3.2834584712982179,"orthographic":true}