{"cameraMode":{"drawMode":0,"name":"Shaded","section":"Shading Mode"},"sceneLighting":false,"audioPlay":false,"sceneViewState":{"showFog":false,"showMaterialUpdate":false,"showSkybox":false,"showFlares":false,"showImageEffects":false,"showParticleSystems":false},"in2DMode":false,"pivot":{"x":101.90543365478516,"y":-0.7798418998718262,"z":237.8076171875},"rotation":{"x":0.046023521572351459,"y":0.8920033574104309,"z":-0.09285376965999603,"w":0.4401680529117584},"size":17.551441192626954,"orthographic":true}