{"cameraMode":{"drawMode":0,"name":"Shaded","section":"Shading Mode"},"sceneLighting":true,"audioPlay":false,"sceneViewState":{"showFog":true,"showMaterialUpdate":true,"showSkybox":true,"showFlares":true,"showImageEffects":true,"showParticleSystems":true},"in2DMode":false,"pivot":{"x":0.8123401403427124,"y":2.157104015350342,"z":-23.57516860961914},"rotation":{"x":-0.01574384793639183,"y":-0.9809573888778687,"z":0.17262136936187745,"w":-0.08806817978620529},"size":21.002233505249025,"orthographic":false}