{"cameraMode":{"drawMode":0,"name":"Shaded","section":"Shading Mode"},"sceneLighting":true,"audioPlay":false,"sceneViewState":{"showFog":false,"showMaterialUpdate":false,"showSkybox":false,"showFlares":false,"showImageEffects":false,"showParticleSystems":true},"in2DMode":false,"pivot":{"x":-4.141156196594238,"y":2.162684440612793,"z":3.3678126335144045},"rotation":{"x":-0.12245955318212509,"y":0.8021113872528076,"z":-0.1762622445821762,"w":-0.557273268699646},"size":20.836009979248048,"orthographic":false}