{"cameraMode":{"drawMode":32,"name":"UV Overlap","section":"Baked Global Illumination"},"sceneLighting":false,"audioPlay":false,"sceneViewState":{"showFog":true,"showMaterialUpdate":false,"showSkybox":false,"showFlares":true,"showImageEffects":true,"showParticleSystems":true},"in2DMode":false,"pivot":{"x":57.20009231567383,"y":7.572969436645508,"z":40.897586822509769},"rotation":{"x":0.010882090777158738,"y":0.9698480367660523,"z":-0.04396864399313927,"w":0.23951515555381776},"size":8.158598899841309,"orthographic":false}