{"cameraMode":{"drawMode":0,"name":"Shaded","section":"Shading Mode"},"sceneLighting":true,"audioPlay":false,"sceneViewState":{"showFog":false,"showMaterialUpdate":false,"showSkybox":false,"showFlares":true,"showImageEffects":false,"showParticleSystems":true},"in2DMode":false,"pivot":{"x":56.905818939208987,"y":-8.059951782226563,"z":-121.00077819824219},"rotation":{"x":-0.379600465297699,"y":-0.48287326097488406,"z":0.24423962831497193,"w":-0.7504132986068726},"size":33.34933853149414,"orthographic":false}