{"cameraMode":{"drawMode":0,"name":"Shaded","section":"Shading Mode"},"sceneLighting":false,"audioPlay":false,"sceneViewState":{"showFog":false,"showMaterialUpdate":false,"showSkybox":false,"showFlares":true,"showImageEffects":false,"showParticleSystems":true},"in2DMode":false,"pivot":{"x":2.437000036239624,"y":4.980000019073486,"z":26.68000030517578},"rotation":{"x":0.2453070729970932,"y":-0.7400482892990112,"z":0.5197911858558655,"w":0.34929022192955019},"size":4.4519453048706059,"orthographic":false}