{"cameraMode":{"drawMode":0,"name":"Shaded","section":"Shading Mode"},"sceneLighting":false,"audioPlay":false,"sceneViewState":{"showFog":true,"showMaterialUpdate":false,"showSkybox":false,"showFlares":true,"showImageEffects":true,"showParticleSystems":true},"in2DMode":false,"pivot":{"x":142.46090698242188,"y":-22.619312286376954,"z":-28.335975646972658},"rotation":{"x":-0.2042943388223648,"y":0.16590772569179536,"z":-0.035157788544893268,"w":-0.9641153812408447},"size":16.958106994628908,"orthographic":false}