{"cameraMode":{"drawMode":0,"name":"Shaded","section":"Shading Mode"},"sceneLighting":false,"audioPlay":false,"sceneViewState":{"showFog":false,"showMaterialUpdate":false,"showSkybox":false,"showFlares":true,"showImageEffects":false,"showParticleSystems":true},"in2DMode":false,"pivot":{"x":0.0,"y":1.5049999952316285,"z":19.030000686645509},"rotation":{"x":0.2453070729970932,"y":-0.7400482892990112,"z":0.5197911858558655,"w":0.34929022192955019},"size":16.339174270629884,"orthographic":false}