{"cameraMode":{"drawMode":0,"name":"Shaded","section":"Shading Mode"},"sceneLighting":false,"audioPlay":false,"sceneViewState":{"showFog":false,"showMaterialUpdate":false,"showSkybox":false,"showFlares":true,"showImageEffects":false,"showParticleSystems":true},"in2DMode":false,"pivot":{"x":0.1062626838684082,"y":2.3910000324249269,"z":-6.326754570007324},"rotation":{"x":0.2453070729970932,"y":-0.7400482892990112,"z":0.5197911858558655,"w":0.34929022192955019},"size":5.043763637542725,"orthographic":false}