{"cameraMode":{"drawMode":0,"name":"Shaded","section":"Shading Mode"},"sceneLighting":false,"audioPlay":false,"sceneViewState":{"showFog":false,"showMaterialUpdate":false,"showSkybox":false,"showFlares":false,"showImageEffects":false,"showParticleSystems":false},"in2DMode":false,"pivot":{"x":132.1457977294922,"y":19.119007110595704,"z":255.8473358154297},"rotation":{"x":0.45085740089416506,"y":-0.5490967035293579,"z":0.5023826360702515,"w":0.4927810728549957},"size":4.508704662322998,"orthographic":true}