{"cameraMode":{"drawMode":0,"name":"Shaded","section":"Shading Mode"},"sceneLighting":false,"audioPlay":false,"sceneViewState":{"showFog":true,"showMaterialUpdate":true,"showSkybox":false,"showFlares":true,"showImageEffects":true,"showParticleSystems":true},"in2DMode":false,"pivot":{"x":113.6196517944336,"y":0.34165358543395998,"z":240.221923828125},"rotation":{"x":0.21461187303066255,"y":0.7819021940231323,"z":-0.45300963521003725,"w":0.37093818187713625},"size":1.7115367650985718,"orthographic":true}