{"cameraMode":{"drawMode":0,"name":"Shaded","section":"Shading Mode"},"sceneLighting":false,"audioPlay":false,"sceneViewState":{"showFog":false,"showMaterialUpdate":false,"showSkybox":false,"showFlares":false,"showImageEffects":false,"showParticleSystems":false},"in2DMode":false,"pivot":{"x":109.02668762207031,"y":1.056675672531128,"z":242.64096069335938},"rotation":{"x":0.006186791695654392,"y":-0.9925588965415955,"z":-0.057236943393945697,"w":-0.10731703042984009},"size":0.8964645266532898,"orthographic":true}