{"cameraMode":{"drawMode":0,"name":"Shaded","section":"Shading Mode"},"sceneLighting":false,"audioPlay":false,"sceneViewState":{"showFog":false,"showMaterialUpdate":false,"showSkybox":false,"showFlares":false,"showImageEffects":false,"showParticleSystems":false},"in2DMode":false,"pivot":{"x":106.769287109375,"y":1.2669677734375,"z":252.2481689453125},"rotation":{"x":0.018529023975133897,"y":-0.9618189930915833,"z":0.264638215303421,"w":0.06733901798725128},"size":1.4263263940811158,"orthographic":true}