{"cameraMode":{"drawMode":0,"name":"Shaded","section":"Shading Mode"},"sceneLighting":true,"audioPlay":false,"sceneViewState":{"showFog":false,"showMaterialUpdate":false,"showSkybox":false,"showFlares":false,"showImageEffects":false,"showParticleSystems":false},"in2DMode":false,"pivot":{"x":1.926151990890503,"y":2.0031299591064455,"z":4.79599142074585},"rotation":{"x":0.1066603809595108,"y":-0.7512674927711487,"z":0.12531493604183198,"w":0.6391932964324951},"size":1.0000360012054444,"orthographic":false}