{"cameraMode":{"drawMode":0,"name":"Shaded","section":"Shading Mode"},"sceneLighting":false,"audioPlay":false,"sceneViewState":{"showFog":false,"showMaterialUpdate":false,"showSkybox":false,"showFlares":false,"showImageEffects":false,"showParticleSystems":false},"in2DMode":false,"pivot":{"x":109.4356689453125,"y":1.2989959716796876,"z":242.65185546875},"rotation":{"x":-0.011110786348581314,"y":0.9544005990028381,"z":0.03580714389681816,"w":0.29617002606391909},"size":2.2429089546203615,"orthographic":true}