{"cameraMode":{"drawMode":0,"name":"Shaded","section":"Shading Mode"},"sceneLighting":false,"audioPlay":false,"sceneViewState":{"showFog":false,"showMaterialUpdate":false,"showSkybox":false,"showFlares":false,"showImageEffects":false,"showParticleSystems":false},"in2DMode":false,"pivot":{"x":137.232421875,"y":16.54248046875,"z":245.76611328125},"rotation":{"x":0.32000380754470827,"y":-0.670822262763977,"z":0.39755919575691225,"w":0.5383856892585754},"size":15.529565811157227,"orthographic":true}