{"cameraMode":{"drawMode":0,"name":"Shaded","section":"Shading Mode"},"sceneLighting":false,"audioPlay":false,"sceneViewState":{"showFog":true,"showMaterialUpdate":true,"showSkybox":false,"showFlares":true,"showImageEffects":true,"showParticleSystems":true},"in2DMode":false,"pivot":{"x":169.71377563476563,"y":0.9914815425872803,"z":223.13497924804688},"rotation":{"x":-0.006340250838547945,"y":0.8793278336524963,"z":-0.4764042794704437,"w":-0.013625928200781346},"size":2.384049892425537,"orthographic":true}