{"cameraMode":{"drawMode":0,"name":"Shaded","section":"Shading Mode"},"sceneLighting":false,"audioPlay":false,"sceneViewState":{"showFog":false,"showMaterialUpdate":false,"showSkybox":false,"showFlares":false,"showImageEffects":false,"showParticleSystems":false},"in2DMode":false,"pivot":{"x":-0.5654296875,"y":0.0269775390625,"z":0.03753662109375},"rotation":{"x":0.044086553156375888,"y":-0.6766839027404785,"z":0.040646400302648547,"w":0.7338389754295349},"size":1.8850818872451783,"orthographic":true}