{"cameraMode":{"drawMode":0,"name":"Shaded","section":"Shading Mode"},"sceneLighting":true,"audioPlay":false,"sceneViewState":{"showFog":false,"showMaterialUpdate":false,"showSkybox":false,"showFlares":false,"showImageEffects":false,"showParticleSystems":false},"in2DMode":false,"pivot":{"x":109.77545166015625,"y":1.06414794921875,"z":244.25482177734376},"rotation":{"x":0.05533573776483536,"y":0.8646050095558167,"z":-0.09767871350049973,"w":0.4897705614566803},"size":1.3131086826324463,"orthographic":true}