{"cameraMode":{"drawMode":0,"name":"Shaded","section":"Shading Mode"},"sceneLighting":false,"audioPlay":false,"sceneViewState":{"showFog":false,"showMaterialUpdate":false,"showSkybox":false,"showFlares":false,"showImageEffects":false,"showParticleSystems":false},"in2DMode":false,"pivot":{"x":114.01163482666016,"y":0.3410685956478119,"z":241.8699951171875},"rotation":{"x":0.11801010370254517,"y":0.8757602572441101,"z":-0.3817462921142578,"w":0.2713172733783722},"size":2.146801233291626,"orthographic":true}