{"cameraMode":{"drawMode":0,"name":"Shaded","section":"Shading Mode"},"sceneLighting":true,"audioPlay":false,"sceneViewState":{"showFog":false,"showMaterialUpdate":false,"showSkybox":false,"showFlares":false,"showImageEffects":false,"showParticleSystems":false},"in2DMode":false,"pivot":{"x":142.29754638671876,"y":-22.818904876708986,"z":-27.801639556884767},"rotation":{"x":0.3365940749645233,"y":-0.6105602979660034,"z":0.32042425870895388,"w":0.6413249969482422},"size":2.6141135692596437,"orthographic":false}