{"cameraMode":{"drawMode":0,"name":"Shaded","section":"Shading Mode"},"sceneLighting":true,"audioPlay":false,"sceneViewState":{"showFog":false,"showMaterialUpdate":false,"showSkybox":false,"showFlares":false,"showImageEffects":false,"showParticleSystems":false},"in2DMode":false,"pivot":{"x":2.0413694381713869,"y":1.9345605373382569,"z":4.87396240234375},"rotation":{"x":0.2094050496816635,"y":-0.7261233329772949,"z":0.2513878345489502,"w":0.6047703623771668},"size":0.7000359892845154,"orthographic":false}