{"cameraMode":{"drawMode":0,"name":"Shaded","section":"Shading Mode"},"sceneLighting":false,"audioPlay":false,"sceneViewState":{"showFog":false,"showMaterialUpdate":false,"showSkybox":false,"showFlares":false,"showImageEffects":false,"showParticleSystems":false},"in2DMode":false,"pivot":{"x":114.01163482666016,"y":0.3410685956478119,"z":241.8699951171875},"rotation":{"x":-0.22850282490253449,"y":0.7456904053688049,"z":-0.3142475485801697,"w":-0.5414948463439941},"size":3.844291925430298,"orthographic":true}