{"cameraMode":{"drawMode":0,"name":"Shaded","section":"Shading Mode"},"sceneLighting":true,"audioPlay":false,"sceneViewState":{"showFog":false,"showMaterialUpdate":false,"showSkybox":false,"showFlares":false,"showImageEffects":false,"showParticleSystems":false},"in2DMode":false,"pivot":{"x":165.48876953125,"y":5.118862152099609,"z":246.4407958984375},"rotation":{"x":0.10249198228120804,"y":-0.8837534189224243,"z":0.39470016956329348,"w":0.229859858751297},"size":40.010372161865237,"orthographic":true}