{"cameraMode":{"drawMode":0,"name":"Shaded","section":"Shading Mode"},"sceneLighting":true,"audioPlay":false,"sceneViewState":{"showFog":false,"showMaterialUpdate":false,"showSkybox":false,"showFlares":false,"showImageEffects":false,"showParticleSystems":false},"in2DMode":false,"pivot":{"x":142.35479736328126,"y":-22.666732788085939,"z":-28.26024055480957},"rotation":{"x":0.25788772106170657,"y":-0.7302917242050171,"z":0.36391422152519228,"w":0.51747727394104},"size":6.514114856719971,"orthographic":false}