{"cameraMode":{"drawMode":0,"name":"Shaded","section":"Shading Mode"},"sceneLighting":false,"audioPlay":false,"sceneViewState":{"showFog":false,"showMaterialUpdate":false,"showSkybox":false,"showFlares":false,"showImageEffects":false,"showParticleSystems":false},"in2DMode":false,"pivot":{"x":109.81684112548828,"y":1.1699655055999756,"z":244.17434692382813},"rotation":{"x":0.005859299562871456,"y":0.9694699645042419,"z":0.023271286860108377,"w":-0.24403969943523408},"size":1.4695236682891846,"orthographic":true}