{"cameraMode":{"drawMode":0,"name":"Shaded","section":"Shading Mode"},"sceneLighting":true,"audioPlay":false,"sceneViewState":{"showFog":false,"showMaterialUpdate":false,"showSkybox":false,"showFlares":false,"showImageEffects":false,"showParticleSystems":false},"in2DMode":false,"pivot":{"x":134.68878173828126,"y":8.182918548583985,"z":215.26577758789063},"rotation":{"x":0.1712230145931244,"y":0.7467001080513,"z":-0.2105262577533722,"w":0.6072944402694702},"size":75.72328186035156,"orthographic":false}