{"cameraMode":{"drawMode":0,"name":"Shaded","section":"Shading Mode"},"sceneLighting":true,"audioPlay":false,"sceneViewState":{"showFog":true,"showMaterialUpdate":false,"showSkybox":false,"showFlares":true,"showImageEffects":true,"showParticleSystems":true},"in2DMode":false,"pivot":{"x":1.8924638032913209,"y":1.931646704673767,"z":4.771298408508301},"rotation":{"x":-0.04421943053603172,"y":0.9176919460296631,"z":-0.10675529390573502,"w":-0.38012030720710757},"size":0.7000359892845154,"orthographic":false}