{"cameraMode":{"drawMode":0,"name":"Shaded","section":"Shading Mode"},"sceneLighting":false,"audioPlay":false,"sceneViewState":{"showFog":true,"showMaterialUpdate":false,"showSkybox":false,"showFlares":true,"showImageEffects":true,"showParticleSystems":true},"in2DMode":false,"pivot":{"x":142.512939453125,"y":-22.619312286376954,"z":-28.335975646972658},"rotation":{"x":0.11770537495613098,"y":0.8162763714790344,"z":-0.17910996079444886,"w":0.536431610584259},"size":1.3091305494308472,"orthographic":true}